,93306,93307,93309,93313,93635,94061,94585,94806
2011-11-01 00:00:00,55.250,55.790,53.650,53.650,54.760,50.760,53.690,54.440
2011-11-01 01:00:00,54.140,54.700,52.560,52.560,53.510,50.130,52.280,53.820
2011-11-01 02:00:00,53.220,53.740,50.710,50.710,52.240,49.550,50.870,52.990
2011-11-01 03:00:00,52.870,52.700,49.710,49.710,51.790,49.040,50.970,52.510
2011-11-01 04:00:00,51.720,52.080,48.840,48.840,49.880,48.640,50.380,52.490
2011-11-01 05:00:00,52.200,51.410,48.260,48.260,49.210,48.150,50.380,52.230
2011-11-01 06:00:00,51.030,50.750,47.880,47.880,49.750,47.880,49.700,51.920
2011-11-01 07:00:00,49.870,50.300,47.440,47.440,49.550,48.190,48.620,52.410
2011-11-01 08:00:00,52.460,52.500,50.490,50.490,50.950,48.820,49.770,53.290
2011-11-01 09:00:00,57.450,56.730,55.640,55.640,55.270,52.550,54.780,55.060
2011-11-01 10:00:00,61.320,60.730,60.640,60.640,60.940,58.420,61.010,58.100
2011-11-01 11:00:00,64.400,64.260,63.760,63.760,64.660,60.500,64.410,61.910
2011-11-01 12:00:00,67.300,67.780,67.820,67.820,67.850,65.200,67.090,65.680
2011-11-01 13:00:00,69.120,69.680,69.480,69.480,70.300,66.710,69.190,68.140
2011-11-01 14:00:00,71.430,72.250,71.060,71.060,71.310,68.090,70.860,69.870
2011-11-01 15:00:00,72.530,73.390,71.890,71.890,72.390,69.150,71.980,70.730
2011-11-01 16:00:00,72.190,73.380,72.110,72.110,73.130,65.980,72.630,70.230
2011-11-01 17:00:00,70.260,71.300,71.020,71.020,71.440,66.720,71.550,69.380
2011-11-01 18:00:00,66.810,67.210,67.280,67.280,68.200,61.090,68.290,66.450
2011-11-01 19:00:00,63.600,64.570,63.920,63.920,64.130,59.430,65.500,63.540
2011-11-01 20:00:00,61.680,62.760,60.600,60.600,61.760,57.850,63.450,61.320
2011-11-01 21:00:00,59.700,59.980,58.830,58.830,59.500,56.130,60.620,60.130
2011-11-01 22:00:00,58.980,58.800,57.620,57.620,57.790,54.540,59.200,58.900
2011-11-01 23:00:00,56.860,57.140,56.300,56.300,55.920,52.500,57.810,58.480
2011-11-02 00:00:00,55.490,56.150,55.030,55.030,55.200,52.340,56.470,57.590
2011-11-02 01:00:00,55.080,56.040,53.900,53.900,55.390,51.820,55.740,56.680
2011-11-02 02:00:00,54.380,54.820,52.200,52.200,54.680,50.960,54.240,55.770
2011-11-02 03:00:00,53.570,54.350,51.790,51.790,53.480,50.810,54.130,55.380
2011-11-02 04:00:00,53.000,53.170,50.430,50.430,52.360,50.540,53.020,55.110
2011-11-02 05:00:00,51.580,52.280,49.570,49.570,51.500,50.210,52.040,54.170
2011-11-02 06:00:00,51.420,52.130,49.420,49.420,50.790,50.020,52.010,53.820
2011-11-02 07:00:00,51.150,51.970,49.520,49.520,49.760,49.680,51.110,53.920
2011-11-02 08:00:00,53.680,54.180,52.490,52.490,51.220,50.470,52.810,54.700
2011-11-02 09:00:00,58.060,57.830,57.690,57.690,56.700,54.280,57.720,58.290
2011-11-02 10:00:00,61.780,62.060,62.400,62.400,62.200,61.620,63.360,61.990
2011-11-02 11:00:00,66.020,65.860,66.600,66.600,67.110,67.390,67.870,66.050
2011-11-02 12:00:00,69.140,69.190,69.870,69.870,70.060,68.180,69.810,69.010
2011-11-02 13:00:00,72.050,72.430,72.170,72.170,72.360,73.280,72.470,71.650
2011-11-02 14:00:00,74.570,75.190,74.240,74.240,74.690,74.620,74.770,74.100
2011-11-02 15:00:00,75.750,76.220,74.960,74.960,76.150,75.430,76.740,73.990
2011-11-02 16:00:00,75.700,76.360,75.510,75.510,76.720,74.580,75.780,74.580
2011-11-02 17:00:00,73.190,73.870,73.740,73.740,75.300,66.290,74.010,71.820
2011-11-02 18:00:00,69.460,70.110,69.680,69.680,71.240,64.760,70.760,68.270
2011-11-02 19:00:00,66.870,67.310,66.740,66.740,66.210,61.380,66.660,67.000
2011-11-02 20:00:00,64.270,65.360,64.100,64.100,63.290,59.490,63.460,66.430
2011-11-02 21:00:00,61.550,62.070,60.550,60.550,60.350,58.170,61.840,66.320
2011-11-02 22:00:00,59.720,60.420,59.350,59.350,58.930,57.360,60.080,65.790
2011-11-02 23:00:00,58.770,59.250,57.510,57.510,57.430,56.580,57.910,63.910
2011-11-03 00:00:00,57.540,57.900,56.060,56.060,56.310,55.680,56.060,62.160
2011-11-03 01:00:00,57.330,57.250,55.550,55.550,55.550,54.340,54.770,59.920
2011-11-03 02:00:00,56.440,56.860,54.690,54.690,54.350,54.610,54.560,59.980
2011-11-03 03:00:00,56.000,56.090,53.560,53.560,53.370,54.150,54.880,62.310
2011-11-03 04:00:00,55.880,54.920,52.440,52.440,52.010,53.480,54.470,60.860
2011-11-03 05:00:00,54.420,54.510,51.860,51.860,51.710,52.760,54.970,62.330
2011-11-03 06:00:00,54.880,54.460,51.750,51.750,51.130,52.350,54.440,62.290
2011-11-03 07:00:00,53.660,53.820,51.070,51.070,50.020,52.050,53.660,62.530
2011-11-03 08:00:00,55.980,56.380,54.890,54.890,51.620,53.090,54.790,63.300
2011-11-03 09:00:00,61.430,61.390,61.840,61.840,55.970,56.050,58.520,65.380
2011-11-03 10:00:00,67.500,67.000,66.920,66.920,62.270,60.240,62.200,68.160
2011-11-03 11:00:00,72.850,72.880,71.700,71.700,68.110,66.760,66.560,71.410
2011-11-03 12:00:00,77.550,77.160,75.690,75.690,72.380,70.860,72.150,74.380
2011-11-03 13:00:00,79.790,79.690,78.120,78.120,74.850,72.640,75.700,76.900
2011-11-03 14:00:00,81.930,82.310,80.770,80.770,76.310,73.850,77.260,78.040
2011-11-03 15:00:00,82.630,83.500,82.300,82.300,77.610,70.640,78.410,78.870
2011-11-03 16:00:00,81.450,82.260,82.150,82.150,78.380,74.010,78.220,78.330
2011-11-03 17:00:00,77.930,78.560,78.180,78.180,76.580,71.040,76.330,76.070
2011-11-03 18:00:00,73.530,74.040,74.690,74.690,74.870,66.440,72.380,73.210
2011-11-03 19:00:00,70.610,71.170,70.070,70.070,71.700,62.830,69.150,72.220
2011-11-03 20:00:00,68.580,69.030,66.840,66.840,69.930,60.930,66.240,70.160
2011-11-03 21:00:00,66.200,66.640,64.520,64.520,67.250,59.730,61.610,69.760
2011-11-03 22:00:00,64.400,64.850,62.800,62.800,65.580,58.920,61.570,69.430
2011-11-03 23:00:00,62.740,63.210,61.460,61.460,64.640,56.900,59.570,65.500
2011-11-04 00:00:00,61.900,62.510,59.960,59.960,64.550,58.300,57.210,68.130
2011-11-04 01:00:00,60.490,61.230,59.110,59.110,63.370,58.050,57.570,65.610
2011-11-04 02:00:00,60.720,60.280,57.540,57.540,62.650,57.010,56.050,66.470
2011-11-04 03:00:00,59.590,59.630,56.590,56.590,62.250,56.970,55.900,64.490
2011-11-04 04:00:00,59.100,59.320,55.650,55.650,61.710,56.190,54.350,62.700
2011-11-04 05:00:00,57.730,58.180,54.540,54.540,61.020,55.920,53.500,61.510
2011-11-04 06:00:00,56.770,56.490,54.140,54.140,60.750,55.710,53.290,61.320
2011-11-04 07:00:00,56.920,56.290,54.330,54.330,60.470,55.680,52.950,63.700
2011-11-04 08:00:00,58.360,59.390,57.140,57.140,60.510,54.870,53.710,65.250
2011-11-04 09:00:00,63.950,63.590,62.340,62.340,63.080,56.750,59.400,66.620
2011-11-04 10:00:00,69.590,69.130,68.200,68.200,66.410,63.490,65.500,70.440
2011-11-04 11:00:00,74.110,74.300,73.440,73.440,69.330,68.700,68.660,73.690
2011-11-04 12:00:00,79.300,79.200,77.470,77.470,72.050,73.090,74.240,76.490
2011-11-04 13:00:00,82.110,81.870,79.960,79.960,75.460,74.920,76.680,78.510
2011-11-04 14:00:00,84.310,84.760,82.750,82.750,77.740,72.230,77.950,78.810
2011-11-04 15:00:00,85.230,85.850,83.910,83.910,78.930,76.320,78.150,79.430
2011-11-04 16:00:00,84.050,84.740,83.480,83.480,78.870,74.870,78.170,78.690
2011-11-04 17:00:00,81.080,81.620,80.670,80.670,77.460,72.130,76.210,76.480
2011-11-04 18:00:00,76.370,77.560,75.620,75.620,73.740,68.200,72.850,73.990
2011-11-04 19:00:00,73.140,74.280,71.320,71.320,69.740,63.140,69.970,73.140
2011-11-04 20:00:00,70.440,71.080,68.870,68.870,66.680,63.520,66.870,71.930
2011-11-04 21:00:00,68.600,68.810,67.470,67.470,63.930,62.550,66.410,70.320
2011-11-04 22:00:00,66.970,66.200,64.980,64.980,62.580,60.540,62.640,68.510
2011-11-04 23:00:00,65.980,65.890,63.180,63.180,61.730,60.670,61.840,66.610
2011-11-05 00:00:00,64.290,64.940,60.690,60.690,60.160,60.030,60.830,64.640
2011-11-05 01:00:00,63.820,63.900,59.310,59.310,58.740,60.010,59.800,62.510
2011-11-05 02:00:00,62.890,63.340,57.820,57.820,58.080,57.850,60.020,60.240
2011-11-05 03:00:00,62.680,62.260,57.170,57.170,58.000,56.290,59.740,59.360
2011-11-05 04:00:00,62.030,61.790,57.040,57.040,57.290,55.200,60.040,57.970
2011-11-05 05:00:00,63.120,63.040,57.120,57.120,56.580,53.920,58.830,55.570
2011-11-05 06:00:00,63.600,63.950,56.720,56.720,55.930,53.490,57.230,55.030
2011-11-05 07:00:00,65.170,64.090,55.800,55.800,54.480,53.990,55.070,55.040
2011-11-05 08:00:00,68.020,66.620,58.070,58.070,55.630,52.550,55.510,54.950
2011-11-05 09:00:00,72.510,71.520,65.740,65.740,59.760,53.490,59.050,55.470
2011-11-05 10:00:00,77.120,77.080,73.340,73.340,65.610,58.610,63.970,56.830
2011-11-05 11:00:00,83.620,82.600,79.610,79.610,70.850,61.730,66.660,57.950
2011-11-05 12:00:00,88.410,88.220,86.810,86.810,75.920,64.780,69.070,59.480
2011-11-05 13:00:00,90.340,91.010,90.800,90.800,80.410,65.140,69.920,61.690
2011-11-05 14:00:00,91.840,91.840,92.140,92.140,83.700,63.640,70.660,63.390
2011-11-05 15:00:00,91.500,91.500,91.560,91.560,84.200,63.970,71.310,62.330
2011-11-05 16:00:00,89.420,89.420,90.540,90.540,82.840,62.540,69.400,60.570
2011-11-05 17:00:00,86.160,86.160,88.060,88.060,80.040,60.650,66.430,58.910
2011-11-05 18:00:00,82.240,82.240,82.930,82.930,73.710,58.610,63.500,57.940
2011-11-05 19:00:00,78.350,78.350,78.990,78.990,69.550,56.430,61.760,57.740
2011-11-05 20:00:00,75.850,75.850,75.970,75.970,66.960,56.260,60.610,57.480
2011-11-05 21:00:00,74.080,74.080,74.060,74.060,64.850,55.150,60.070,56.720
2011-11-05 22:00:00,72.490,72.490,72.700,72.700,63.060,53.970,59.710,56.400
2011-11-05 23:00:00,71.660,71.660,71.970,71.970,60.760,53.540,58.990,56.100
2011-11-06 00:00:00,72.530,72.300,70.670,70.670,59.580,53.260,58.300,56.070
2011-11-06 01:00:00,72.450,71.420,67.890,67.890,59.230,52.900,57.900,56.030
2011-11-06 02:00:00,72.220,70.410,68.230,68.230,59.360,52.020,56.960,55.590
2011-11-06 03:00:00,73.360,72.380,71.650,71.650,58.440,51.600,55.910,55.030
2011-11-06 04:00:00,71.570,72.110,73.110,73.110,57.380,51.200,55.050,55.180
2011-11-06 05:00:00,72.200,72.300,75.100,75.100,55.910,51.160,55.590,55.200
2011-11-06 06:00:00,72.060,72.260,75.310,75.310,55.130,51.900,55.380,55.180
2011-11-06 07:00:00,71.780,72.260,74.700,74.700,54.840,52.020,54.810,54.430
2011-11-06 08:00:00,71.260,71.390,71.110,71.110,55.180,52.040,53.920,53.880
2011-11-06 09:00:00,74.490,74.840,75.220,75.220,56.330,53.240,56.720,55.670
2011-11-06 10:00:00,77.410,77.450,79.100,79.100,59.230,57.130,59.870,57.520
2011-11-06 11:00:00,81.490,81.140,81.220,81.220,62.310,61.300,61.260,58.770
2011-11-06 12:00:00,82.870,82.300,81.780,81.780,63.260,63.490,63.320,59.770
2011-11-06 13:00:00,81.430,81.040,79.800,79.800,68.030,65.200,64.620,62.450
2011-11-06 14:00:00,72.280,71.720,73.400,73.400,69.710,65.220,65.580,65.030
2011-11-06 15:00:00,69.860,69.590,70.630,70.630,72.150,62.120,65.720,66.530
2011-11-06 16:00:00,68.830,68.340,69.170,69.170,71.160,60.100,65.090,64.360
2011-11-06 17:00:00,66.890,66.890,67.850,67.850,68.420,58.700,62.930,61.920
2011-11-06 18:00:00,65.550,65.550,65.370,65.370,65.250,57.380,60.520,60.000
2011-11-06 19:00:00,64.390,64.390,63.630,63.630,62.260,56.540,59.110,58.980
2011-11-06 20:00:00,62.640,62.640,61.550,61.550,60.680,56.000,58.840,58.640
2011-11-06 21:00:00,61.080,61.080,59.770,59.770,59.280,54.700,58.840,58.390
2011-11-06 22:00:00,58.720,58.720,57.370,57.370,58.550,54.370,58.420,57.980
2011-11-06 23:00:00,57.720,57.720,55.960,55.960,57.410,53.370,58.170,57.510
2011-11-07 00:00:00,56.450,56.450,54.750,54.750,57.680,52.280,58.250,57.350
2011-11-07 01:00:00,55.430,55.430,53.510,53.510,57.150,53.530,58.590,57.690
2011-11-07 02:00:00,54.510,54.510,52.460,52.460,54.740,55.090,58.480,57.800
2011-11-07 03:00:00,52.090,52.090,49.600,49.600,53.130,55.750,57.540,57.670
2011-11-07 04:00:00,51.380,51.380,48.830,48.830,52.600,56.010,56.920,57.460
2011-11-07 05:00:00,51.130,51.130,49.320,49.320,52.730,55.930,56.470,56.160
2011-11-07 06:00:00,51.230,51.230,49.180,49.180,53.890,55.350,56.170,55.390
2011-11-07 07:00:00,53.550,53.550,53.170,53.170,55.730,55.040,56.210,55.140
2011-11-07 08:00:00,56.910,56.910,56.860,56.860,55.590,55.350,56.570,55.350
2011-11-07 09:00:00,59.120,59.120,58.740,58.740,55.160,55.870,56.970,55.490
2011-11-07 10:00:00,61.800,61.800,61.110,61.110,56.340,56.150,57.590,55.830
2011-11-07 11:00:00,64.320,64.320,63.780,63.780,57.160,56.450,58.330,56.340
2011-11-07 12:00:00,65.880,65.880,65.840,65.840,57.950,56.370,59.840,56.980
2011-11-07 13:00:00,66.580,66.580,66.390,66.390,58.520,55.970,60.950,57.380
2011-11-07 14:00:00,67.690,67.690,67.710,67.710,58.480,56.200,62.340,58.690
2011-11-07 15:00:00,68.140,68.140,68.140,68.140,58.500,56.200,62.180,59.430
2011-11-07 16:00:00,66.950,66.950,66.520,66.520,58.170,55.120,59.270,58.150
2011-11-07 17:00:00,65.870,65.870,65.620,65.620,57.860,53.740,57.620,56.960
2011-11-07 18:00:00,64.920,64.920,64.380,64.380,57.440,52.480,56.810,55.810
2011-11-07 19:00:00,62.250,62.250,60.680,60.680,57.190,52.000,55.640,54.460
2011-11-07 20:00:00,59.230,59.230,58.060,58.060,56.480,50.730,54.360,53.040
2011-11-07 21:00:00,56.860,56.860,56.770,56.770,55.450,49.490,53.400,51.860
2011-11-07 22:00:00,56.020,56.020,56.250,56.250,54.220,48.500,52.470,51.200
2011-11-07 23:00:00,56.190,56.190,56.290,56.290,52.960,47.280,50.960,50.720
2011-11-08 00:00:00,56.420,56.420,56.320,56.320,52.460,46.230,49.710,50.220
2011-11-08 01:00:00,56.310,56.310,55.960,55.960,52.250,46.090,48.680,50.170
2011-11-08 02:00:00,54.900,54.900,54.090,54.090,51.160,46.480,47.570,49.700
2011-11-08 03:00:00,51.420,51.420,51.600,51.600,50.990,46.660,46.890,48.760
2011-11-08 04:00:00,51.460,51.460,51.860,51.860,50.760,46.220,45.580,48.560
2011-11-08 05:00:00,51.090,51.090,51.490,51.490,49.060,45.190,45.200,48.000
2011-11-08 06:00:00,50.590,50.590,50.640,50.640,49.050,44.480,45.050,47.570
2011-11-08 07:00:00,50.740,50.740,51.500,51.500,49.100,44.680,46.190,48.640
2011-11-08 08:00:00,52.130,52.190,53.630,53.630,52.430,49.970,50.180,50.760
2011-11-08 09:00:00,53.740,53.480,55.610,55.610,54.290,53.450,53.670,52.400
2011-11-08 10:00:00,54.430,54.730,56.850,56.850,55.650,56.310,57.110,54.980
2011-11-08 11:00:00,55.880,56.020,57.970,57.970,57.190,57.390,59.110,57.540
2011-11-08 12:00:00,56.560,56.840,58.930,58.930,58.550,59.480,60.840,60.080
2011-11-08 13:00:00,57.270,57.820,60.020,60.020,58.650,59.620,61.630,61.380
2011-11-08 14:00:00,58.540,59.310,60.450,60.450,59.220,59.380,62.470,61.070
2011-11-08 15:00:00,58.570,59.360,60.290,60.290,58.580,58.130,61.450,60.010
2011-11-08 16:00:00,57.000,57.200,57.650,57.650,57.280,55.690,59.500,58.340
2011-11-08 17:00:00,55.660,55.490,54.820,54.820,55.190,52.690,57.770,55.450
2011-11-08 18:00:00,54.300,53.950,52.290,52.290,53.090,49.690,54.580,53.350
2011-11-08 19:00:00,52.900,52.900,50.780,50.780,50.770,47.450,51.480,51.320
2011-11-08 20:00:00,50.740,51.110,49.260,49.260,49.020,45.930,50.840,50.700
2011-11-08 21:00:00,49.560,49.340,47.270,47.270,48.810,44.750,49.760,50.150
2011-11-08 22:00:00,48.470,48.470,47.110,47.110,48.450,44.060,48.240,49.080
2011-11-08 23:00:00,47.090,47.090,44.870,44.870,48.690,43.310,47.030,48.300
2011-11-09 00:00:00,46.290,46.290,43.680,43.680,48.080,42.610,46.240,47.190
2011-11-09 01:00:00,45.160,45.160,42.720,42.720,47.780,42.280,45.640,46.670
2011-11-09 02:00:00,45.260,45.260,43.020,43.020,46.550,41.550,44.900,46.290
2011-11-09 03:00:00,44.970,44.970,42.870,42.870,45.140,40.880,44.300,45.570
2011-11-09 04:00:00,43.790,43.790,41.570,41.570,44.590,40.220,43.100,45.190
2011-11-09 05:00:00,43.890,43.890,41.840,41.840,43.870,40.140,42.120,44.600
2011-11-09 06:00:00,44.140,44.140,42.040,42.040,44.470,40.220,42.390,44.540
2011-11-09 07:00:00,45.710,45.710,45.390,45.390,45.810,40.270,43.210,45.560
2011-11-09 08:00:00,49.690,49.410,50.440,50.440,48.680,43.500,47.630,48.070
2011-11-09 09:00:00,52.440,52.490,53.670,53.670,51.880,50.950,53.400,51.230
2011-11-09 10:00:00,54.880,55.310,56.720,56.720,54.620,55.630,56.500,54.090
2011-11-09 11:00:00,57.550,57.820,58.910,58.910,56.160,57.890,58.530,56.470
2011-11-09 12:00:00,58.260,58.980,60.170,60.170,57.680,59.610,60.020,58.840
2011-11-09 13:00:00,59.540,59.740,60.370,60.370,58.630,60.670,60.580,59.260
2011-11-09 14:00:00,60.280,60.320,60.110,60.110,63.540,60.880,60.610,58.620
2011-11-09 15:00:00,59.730,60.600,60.620,60.620,60.320,59.710,60.100,57.160
2011-11-09 16:00:00,58.690,59.040,58.730,58.730,59.460,57.880,58.770,55.410
2011-11-09 17:00:00,56.220,56.220,55.290,55.290,57.180,55.700,55.870,54.290
2011-11-09 18:00:00,54.300,54.300,53.300,53.300,55.780,54.170,53.370,53.150
2011-11-09 19:00:00,52.120,52.180,50.580,50.580,55.540,52.430,53.020,52.450
2011-11-09 20:00:00,50.280,50.280,49.170,49.170,55.180,52.390,52.400,52.200
2011-11-09 21:00:00,49.020,49.020,48.170,48.170,54.530,52.580,52.280,52.050
2011-11-09 22:00:00,47.610,47.610,46.770,46.770,53.820,52.660,52.330,52.370
2011-11-09 23:00:00,46.040,46.040,45.040,45.040,53.740,52.800,52.750,52.830
2011-11-10 00:00:00,45.380,45.380,44.240,44.240,53.040,52.270,52.970,52.940
2011-11-10 01:00:00,45.320,45.320,43.690,43.690,52.410,52.100,52.950,52.630
2011-11-10 02:00:00,44.790,44.790,42.990,42.990,51.720,51.600,52.450,52.420
2011-11-10 03:00:00,45.410,45.410,43.540,43.540,51.490,50.970,51.540,51.820
2011-11-10 04:00:00,46.570,46.570,45.290,45.290,50.750,50.720,51.440,50.820
2011-11-10 05:00:00,45.460,45.460,43.180,43.180,49.710,49.210,51.080,50.220
2011-11-10 06:00:00,45.560,45.560,43.450,43.450,47.110,49.170,50.420,49.720
2011-11-10 07:00:00,46.010,46.010,44.440,44.440,49.550,49.530,50.090,49.710
2011-11-10 08:00:00,47.930,47.930,48.800,48.800,52.130,51.600,52.260,52.850
2011-11-10 09:00:00,52.090,52.090,53.100,53.100,54.640,54.920,55.050,54.310
2011-11-10 10:00:00,54.370,54.370,54.630,54.630,57.160,58.210,57.810,56.430
2011-11-10 11:00:00,56.160,56.160,57.460,57.460,57.890,58.840,59.870,58.330
2011-11-10 12:00:00,58.170,58.170,60.770,60.770,62.260,59.800,60.800,60.870
2011-11-10 13:00:00,59.250,59.250,61.960,61.960,59.210,59.430,61.730,62.390
2011-11-10 14:00:00,59.280,59.280,61.370,61.370,59.030,60.150,62.670,62.310
2011-11-10 15:00:00,59.370,59.370,61.220,61.220,62.590,59.620,62.590,61.650
2011-11-10 16:00:00,58.110,58.110,60.130,60.130,57.890,57.460,61.170,60.560
2011-11-10 17:00:00,57.570,56.850,56.880,56.880,58.200,51.980,59.050,57.890
2011-11-10 18:00:00,54.730,54.730,53.570,53.570,54.260,49.350,54.870,55.530
2011-11-10 19:00:00,52.670,52.670,51.890,51.890,51.580,47.890,53.000,54.290
2011-11-10 20:00:00,51.780,51.780,50.180,50.180,51.340,47.010,52.790,52.790
2011-11-10 21:00:00,49.950,49.950,48.920,48.920,50.670,46.230,53.050,52.310
2011-11-10 22:00:00,49.750,49.750,48.520,48.520,51.490,45.260,54.230,51.480
2011-11-10 23:00:00,48.650,48.650,47.000,47.000,51.680,44.460,54.920,50.990
2011-11-11 00:00:00,47.350,47.350,45.900,45.900,51.260,44.050,54.680,50.520
2011-11-11 01:00:00,46.540,46.540,44.340,44.340,50.290,43.470,54.660,50.000
2011-11-11 02:00:00,44.940,44.940,42.690,42.690,49.320,42.860,55.120,48.950
2011-11-11 03:00:00,44.710,44.710,42.650,42.650,48.720,42.500,54.330,48.970
2011-11-11 04:00:00,44.120,44.120,42.510,42.510,47.530,41.930,53.280,48.900
2011-11-11 05:00:00,44.310,44.310,42.870,42.870,45.990,41.700,53.450,49.260
2011-11-11 06:00:00,44.580,44.580,42.770,42.770,45.560,41.590,53.120,49.630
2011-11-11 07:00:00,46.850,46.850,45.380,45.380,46.710,41.830,53.660,50.140
2011-11-11 08:00:00,51.210,51.070,51.760,51.760,49.360,44.870,55.690,52.760
2011-11-11 09:00:00,54.170,54.090,55.550,55.550,52.390,51.050,60.520,55.480
2011-11-11 10:00:00,56.440,56.660,57.790,57.790,54.980,57.060,62.850,58.590
2011-11-11 11:00:00,57.250,57.790,59.210,59.210,58.780,59.800,64.900,62.020
2011-11-11 12:00:00,59.580,60.290,61.570,61.570,58.010,61.620,66.180,63.830
2011-11-11 13:00:00,61.710,62.400,62.480,62.480,59.300,62.190,66.910,65.520
2011-11-11 14:00:00,62.380,63.320,63.430,63.430,60.430,62.730,67.750,66.020
2011-11-11 15:00:00,62.580,62.740,63.200,63.200,60.390,62.120,67.570,65.890
2011-11-11 16:00:00,60.820,61.360,61.600,61.600,58.970,58.700,65.070,64.220
2011-11-11 17:00:00,58.080,58.080,58.440,58.440,56.510,53.210,60.880,60.620
2011-11-11 18:00:00,55.440,55.440,55.190,55.190,53.420,49.510,57.130,57.550
2011-11-11 19:00:00,52.620,52.620,52.630,52.630,51.860,47.610,53.430,55.070
2011-11-11 20:00:00,51.120,50.680,50.640,50.640,50.090,45.970,51.130,53.600
2011-11-11 21:00:00,50.530,50.530,49.310,49.310,49.920,45.270,49.490,52.480
2011-11-11 22:00:00,49.310,49.310,47.640,47.640,47.760,45.310,45.580,51.600
2011-11-11 23:00:00,47.320,47.320,46.310,46.310,47.550,44.280,44.790,50.950
2011-11-12 00:00:00,46.350,46.350,45.260,45.260,46.780,43.610,44.400,50.180
2011-11-12 01:00:00,46.050,46.050,43.670,43.670,43.120,42.340,43.340,49.180
2011-11-12 02:00:00,45.470,45.470,42.860,42.860,45.840,41.720,42.780,48.750
2011-11-12 03:00:00,43.930,43.930,41.570,41.570,45.190,41.260,42.520,48.260
2011-11-12 04:00:00,43.700,43.700,41.010,41.010,43.870,40.700,42.510,47.200
2011-11-12 05:00:00,43.200,43.200,40.280,40.280,44.170,40.510,41.300,46.790
2011-11-12 06:00:00,42.920,42.920,39.920,39.920,44.470,40.320,40.920,46.210
2011-11-12 07:00:00,44.960,44.960,42.560,42.560,45.670,40.380,41.100,47.450
2011-11-12 08:00:00,48.770,48.770,48.640,48.640,49.470,43.430,45.970,51.060
2011-11-12 09:00:00,53.620,53.620,53.810,53.810,52.360,50.070,52.960,54.890
2011-11-12 10:00:00,57.060,57.060,57.370,57.370,55.950,57.590,57.060,58.640
2011-11-12 11:00:00,59.980,59.980,60.300,60.300,58.270,60.350,60.440,61.270
2011-11-12 12:00:00,62.360,62.360,62.080,62.080,60.590,62.610,62.510,64.270
2011-11-12 13:00:00,64.250,64.250,63.650,63.650,61.610,63.640,64.350,66.450
2011-11-12 14:00:00,64.930,64.930,64.570,64.570,62.120,64.620,65.100,66.130
2011-11-12 15:00:00,64.680,64.680,64.370,64.370,66.330,63.560,65.620,64.160
2011-11-12 16:00:00,62.210,62.210,62.210,62.210,60.360,59.940,64.130,61.900
2011-11-12 17:00:00,58.830,58.830,59.000,59.000,60.250,54.630,60.300,59.270
2011-11-12 18:00:00,56.010,56.010,55.480,55.480,54.510,50.930,57.430,57.120
2011-11-12 19:00:00,53.970,53.970,52.700,52.700,53.160,48.870,53.240,55.370
2011-11-12 20:00:00,52.350,52.350,51.160,51.160,51.210,47.580,51.660,53.700
2011-11-12 21:00:00,50.430,50.430,49.480,49.480,50.320,46.440,50.580,53.030
2011-11-12 22:00:00,49.500,49.250,48.490,48.490,49.600,45.860,51.900,52.320
2011-11-12 23:00:00,48.800,48.800,47.680,47.680,48.610,46.590,53.580,51.820
2011-11-13 00:00:00,47.580,47.580,45.770,45.770,48.410,46.320,54.080,50.860
2011-11-13 01:00:00,46.790,46.790,44.270,44.270,48.120,46.330,53.810,50.750
2011-11-13 02:00:00,45.980,45.980,42.920,42.920,47.410,45.600,51.810,50.490
2011-11-13 03:00:00,45.400,45.400,41.990,41.990,46.930,44.820,52.030,49.650
2011-11-13 04:00:00,45.170,45.170,41.670,41.670,45.400,44.130,50.820,49.630
2011-11-13 05:00:00,44.250,44.250,41.050,41.050,45.820,44.300,49.400,48.910
2011-11-13 06:00:00,44.210,44.210,40.900,40.900,45.910,43.870,48.330,48.860
2011-11-13 07:00:00,44.700,44.700,42.210,42.210,46.470,44.800,48.900,49.300
2011-11-13 08:00:00,47.530,47.530,46.760,46.760,51.050,47.520,52.160,51.690
2011-11-13 09:00:00,52.040,52.040,50.620,50.620,54.280,53.340,57.890,55.440
2011-11-13 10:00:00,56.870,56.870,56.690,56.690,56.580,60.860,62.830,60.020
2011-11-13 11:00:00,60.040,60.040,59.490,59.490,58.610,64.650,65.820,63.540
2011-11-13 12:00:00,62.960,62.430,61.890,61.890,60.350,67.600,67.620,67.640
2011-11-13 13:00:00,64.190,64.190,63.930,63.930,61.080,68.070,72.070,69.470
2011-11-13 14:00:00,64.900,64.900,64.760,64.760,60.510,68.840,73.290,70.080
2011-11-13 15:00:00,64.010,64.010,64.300,64.300,60.060,66.130,73.810,69.730
2011-11-13 16:00:00,62.060,62.060,62.190,62.190,59.110,62.750,73.380,67.320
2011-11-13 17:00:00,59.280,59.280,59.030,59.030,56.800,58.030,70.090,64.040
2011-11-13 18:00:00,56.750,56.750,56.000,56.000,54.240,54.700,67.860,62.150
2011-11-13 19:00:00,55.140,55.140,54.120,54.120,53.040,52.930,68.290,60.750
2011-11-13 20:00:00,52.280,52.280,51.830,51.830,51.420,52.310,68.800,60.950
2011-11-13 21:00:00,50.960,50.960,50.480,50.480,51.050,51.680,68.600,60.160
2011-11-13 22:00:00,50.910,50.910,49.910,49.910,50.420,51.080,69.710,60.380
2011-11-13 23:00:00,50.550,50.550,48.500,48.500,49.340,51.380,69.440,59.800
2011-11-14 00:00:00,49.600,49.600,47.160,47.160,48.680,50.950,67.430,59.680
2011-11-14 01:00:00,48.140,48.140,45.520,45.520,47.920,50.800,65.410,59.340
2011-11-14 02:00:00,46.710,46.710,44.140,44.140,47.270,49.400,64.520,60.690
2011-11-14 03:00:00,45.530,45.530,43.390,43.390,46.650,48.530,63.460,62.180
2011-11-14 04:00:00,45.860,45.860,43.420,43.420,46.180,48.840,63.320,60.990
2011-11-14 05:00:00,45.080,45.080,42.270,42.270,46.020,48.580,64.070,59.870
2011-11-14 06:00:00,44.660,44.660,41.420,41.420,45.710,48.180,59.390,58.000
2011-11-14 07:00:00,45.520,45.520,43.000,43.000,46.150,48.190,57.040,57.310
2011-11-14 08:00:00,49.320,49.320,48.410,48.410,48.930,50.360,57.360,58.470
2011-11-14 09:00:00,55.120,54.170,54.280,54.280,53.060,57.150,59.610,61.860
2011-11-14 10:00:00,58.790,58.790,59.160,59.160,56.620,64.640,64.320,65.910
2011-11-14 11:00:00,62.540,61.810,62.600,62.600,59.210,68.550,68.520,69.390
2011-11-14 12:00:00,64.060,64.060,64.630,64.630,65.690,70.710,73.020,74.420
2011-11-14 13:00:00,66.070,66.070,65.480,65.480,62.670,72.430,77.370,77.570
2011-11-14 14:00:00,66.260,66.260,65.920,65.920,63.780,73.180,80.060,79.070
2011-11-14 15:00:00,65.430,65.430,65.770,65.770,63.800,72.740,80.280,79.370
2011-11-14 16:00:00,63.460,63.460,64.360,64.360,67.650,70.260,78.570,78.160
2011-11-14 17:00:00,60.490,60.490,60.340,60.340,59.910,65.780,75.780,75.480
2011-11-14 18:00:00,57.460,57.460,56.630,56.630,57.350,62.220,72.280,73.030
2011-11-14 19:00:00,55.930,55.390,54.500,54.500,55.890,60.570,73.420,70.450
2011-11-14 20:00:00,54.470,54.470,53.470,53.470,54.790,59.760,74.140,68.800
2011-11-14 21:00:00,53.290,52.930,51.330,51.330,53.760,58.470,73.660,66.850
2011-11-14 22:00:00,52.540,52.540,50.260,50.260,53.000,57.550,73.900,65.500
2011-11-14 23:00:00,50.920,50.920,48.800,48.800,52.580,56.580,72.300,64.810
2011-11-15 00:00:00,50.830,50.830,48.650,48.650,50.970,56.040,72.390,63.570
2011-11-15 01:00:00,49.820,49.820,47.330,47.330,50.040,55.540,71.300,63.020
2011-11-15 02:00:00,49.470,49.470,47.110,47.110,49.350,55.950,70.600,62.730
2011-11-15 03:00:00,48.780,48.780,45.930,45.930,48.660,56.410,70.150,62.640
2011-11-15 04:00:00,48.120,48.120,45.060,45.060,47.970,55.260,67.440,62.510
2011-11-15 05:00:00,47.200,47.200,44.480,44.480,48.170,54.440,66.350,62.310
2011-11-15 06:00:00,47.020,46.530,43.270,43.270,47.620,53.140,67.080,63.540
2011-11-15 07:00:00,48.730,48.730,45.840,45.840,48.160,52.450,62.050,64.390
2011-11-15 08:00:00,54.540,53.580,51.640,51.640,50.730,55.830,62.180,65.530
2011-11-15 09:00:00,59.700,58.480,58.290,58.290,54.540,63.660,67.090,68.730
2011-11-15 10:00:00,64.460,63.940,63.900,63.900,57.480,70.260,72.390,72.240
2011-11-15 11:00:00,68.180,67.440,67.430,67.430,60.870,73.060,75.220,75.420
2011-11-15 12:00:00,69.680,70.100,69.750,69.750,63.610,74.490,79.560,78.940
2011-11-15 13:00:00,71.040,71.650,71.030,71.030,65.160,75.390,80.800,80.720
2011-11-15 14:00:00,71.310,72.060,72.450,72.450,65.620,76.350,81.310,81.370
2011-11-15 15:00:00,71.030,71.830,72.490,72.490,65.850,76.010,80.570,80.920
2011-11-15 16:00:00,68.550,68.820,68.980,68.980,64.750,73.250,78.440,78.590
2011-11-15 17:00:00,66.770,65.160,65.180,65.180,61.240,67.850,75.790,74.450
2011-11-15 18:00:00,62.250,62.250,61.090,61.090,58.370,63.290,69.280,73.020
2011-11-15 19:00:00,58.960,58.440,57.940,57.940,56.410,60.690,67.160,70.540
2011-11-15 20:00:00,56.880,56.320,55.530,55.530,54.890,58.510,64.680,67.120
2011-11-15 21:00:00,55.770,56.450,54.940,54.940,55.190,56.850,64.960,64.730
2011-11-15 22:00:00,55.000,55.080,52.880,52.880,53.740,55.770,63.450,63.410
2011-11-15 23:00:00,53.630,54.050,52.060,52.060,52.060,55.090,60.460,62.040
2011-11-16 00:00:00,52.790,52.770,51.060,51.060,51.500,55.230,59.700,61.570
2011-11-16 01:00:00,53.590,52.780,48.940,48.940,50.490,53.710,56.770,60.740
2011-11-16 02:00:00,52.570,51.750,47.860,47.860,49.920,53.310,54.060,59.700
2011-11-16 03:00:00,52.250,51.130,46.430,46.430,49.270,51.800,54.210,58.160
2011-11-16 04:00:00,50.640,50.760,45.890,45.890,48.090,50.630,53.540,57.630
2011-11-16 05:00:00,50.620,50.350,45.090,45.090,47.490,50.160,51.360,59.100
2011-11-16 06:00:00,50.200,49.900,44.210,44.210,47.260,49.940,50.230,57.450
2011-11-16 07:00:00,50.780,51.000,46.300,46.300,48.100,49.710,49.960,56.730
2011-11-16 08:00:00,55.630,55.340,54.380,54.380,51.160,53.090,53.340,58.310
2011-11-16 09:00:00,60.390,60.160,59.570,59.570,55.300,59.200,60.180,60.880
2011-11-16 10:00:00,64.770,64.490,64.800,64.800,58.680,65.740,64.280,63.730
2011-11-16 11:00:00,67.640,67.870,68.300,68.300,61.500,68.010,66.980,66.560
2011-11-16 12:00:00,70.150,70.810,71.250,71.250,63.870,69.500,69.920,70.120
2011-11-16 13:00:00,71.680,72.220,72.270,72.270,65.200,70.840,71.840,71.950
2011-11-16 14:00:00,72.130,72.700,72.250,72.250,65.310,71.670,73.050,70.840
2011-11-16 15:00:00,71.740,72.520,71.820,71.820,64.900,70.830,72.760,69.010
2011-11-16 16:00:00,69.100,69.850,70.160,70.160,63.330,67.680,70.910,66.840
2011-11-16 17:00:00,66.380,66.250,65.780,65.780,60.490,62.430,67.380,64.650
2011-11-16 18:00:00,62.010,62.230,60.710,60.710,57.860,57.260,62.060,61.690
2011-11-16 19:00:00,59.280,59.620,57.780,57.780,55.800,54.440,58.940,60.200
2011-11-16 20:00:00,58.080,57.630,56.170,56.170,54.430,52.350,55.980,58.760
2011-11-16 21:00:00,55.850,55.850,53.620,53.620,52.200,50.730,53.670,57.240
2011-11-16 22:00:00,55.290,55.290,53.160,53.160,51.120,50.430,53.090,55.900
2011-11-16 23:00:00,54.350,54.350,51.570,51.570,50.550,48.910,51.120,54.300
2011-11-17 00:00:00,52.530,52.530,49.430,49.430,49.910,48.310,50.570,53.330
2011-11-17 01:00:00,52.520,52.520,48.690,48.690,48.550,47.510,50.790,52.590
2011-11-17 02:00:00,52.080,52.080,47.590,47.590,47.970,46.390,49.790,52.060
2011-11-17 03:00:00,51.890,50.340,46.690,46.690,47.460,45.570,48.050,51.650
2011-11-17 04:00:00,50.970,49.450,45.820,45.820,47.080,44.780,46.080,50.680
2011-11-17 05:00:00,49.910,48.860,45.680,45.680,46.330,44.020,44.800,50.020
2011-11-17 06:00:00,49.030,49.030,45.720,45.720,43.450,43.530,43.640,49.740
2011-11-17 07:00:00,50.710,50.710,47.690,47.690,47.570,43.290,43.490,50.630
2011-11-17 08:00:00,54.760,54.760,53.630,53.630,50.850,47.690,48.830,52.540
2011-11-17 09:00:00,58.980,58.980,58.870,58.870,56.470,55.690,54.900,55.980
2011-11-17 10:00:00,62.830,62.540,62.340,62.340,59.690,61.330,58.340,60.190
2011-11-17 11:00:00,65.590,65.690,65.040,65.040,61.340,65.430,62.310,62.790
2011-11-17 12:00:00,67.920,68.040,67.790,67.790,63.390,67.450,65.570,66.090
2011-11-17 13:00:00,69.250,69.960,69.830,69.830,64.710,69.020,67.470,67.810
2011-11-17 14:00:00,70.300,71.190,70.850,70.850,65.380,69.530,68.670,67.070
2011-11-17 15:00:00,69.920,70.690,70.740,70.740,65.520,69.070,69.390,64.240
2011-11-17 16:00:00,67.570,68.100,69.220,69.220,64.390,65.340,67.320,60.620
2011-11-17 17:00:00,64.420,64.250,63.890,63.890,66.500,59.040,63.880,56.980
2011-11-17 18:00:00,60.420,61.130,59.720,59.720,56.260,54.520,58.240,55.040
2011-11-17 19:00:00,58.210,58.140,56.680,56.680,54.820,51.840,55.220,53.290
2011-11-17 20:00:00,56.650,57.220,56.450,56.450,53.890,49.250,55.220,51.560
2011-11-17 21:00:00,55.520,55.700,54.330,54.330,51.400,46.440,53.760,50.240
2011-11-17 22:00:00,54.250,54.040,51.730,51.730,50.230,45.070,52.150,49.500
2011-11-17 23:00:00,53.420,53.330,50.140,50.140,49.900,44.160,51.020,49.030
2011-11-18 00:00:00,51.190,51.590,48.230,48.230,49.130,43.070,50.320,49.370
2011-11-18 01:00:00,50.630,50.450,47.410,47.410,48.660,42.230,49.320,49.400
2011-11-18 02:00:00,49.980,50.380,47.340,47.340,48.270,41.720,50.170,49.390
2011-11-18 03:00:00,50.170,49.860,45.790,45.790,47.160,43.090,48.800,49.350
2011-11-18 04:00:00,50.020,49.290,44.600,44.600,46.050,44.590,48.480,49.250
2011-11-18 05:00:00,48.500,48.330,43.930,43.930,47.000,45.820,47.830,48.460
2011-11-18 06:00:00,48.970,48.030,43.390,43.390,46.980,46.390,46.500,48.300
2011-11-18 07:00:00,50.480,50.970,48.280,48.280,46.540,46.920,46.860,48.510
2011-11-18 08:00:00,55.320,55.990,52.680,52.680,49.190,47.710,48.650,49.870
2011-11-18 09:00:00,62.020,61.040,59.990,59.990,53.870,48.540,51.030,52.480
2011-11-18 10:00:00,68.000,67.100,67.140,67.140,56.770,50.040,54.060,55.760
2011-11-18 11:00:00,73.350,73.200,73.180,73.180,59.010,53.060,56.430,57.030
2011-11-18 12:00:00,76.300,76.040,76.020,76.020,61.040,56.610,57.880,58.920
2011-11-18 13:00:00,78.130,78.200,78.330,78.330,63.010,58.970,59.580,60.660
2011-11-18 14:00:00,79.090,78.880,78.820,78.820,63.940,59.860,61.460,60.800
2011-11-18 15:00:00,77.750,78.370,79.150,79.150,64.040,59.030,61.490,59.300
2011-11-18 16:00:00,75.490,74.990,75.420,75.420,62.240,57.580,59.770,57.580
2011-11-18 17:00:00,69.010,69.870,67.580,67.580,59.530,54.450,57.290,56.030
2011-11-18 18:00:00,66.260,65.890,63.070,63.070,56.140,51.870,54.300,54.590
2011-11-18 19:00:00,61.960,61.960,60.400,60.400,54.140,50.240,53.140,53.560
2011-11-18 20:00:00,60.410,60.410,58.790,58.790,52.750,47.410,52.300,52.740
2011-11-18 21:00:00,59.420,59.420,56.480,56.480,51.340,45.940,52.090,52.420
2011-11-18 22:00:00,58.150,58.150,54.420,54.420,50.700,45.320,52.330,52.390
2011-11-18 23:00:00,56.930,56.930,52.390,52.390,50.750,45.300,52.070,51.980
2011-11-19 00:00:00,55.710,55.710,50.820,50.820,50.610,45.180,52.520,52.910
2011-11-19 01:00:00,54.580,54.580,49.750,49.750,50.470,46.400,53.330,53.470
2011-11-19 02:00:00,52.430,52.430,48.200,48.200,50.390,47.760,53.700,53.720
2011-11-19 03:00:00,51.960,51.960,47.170,47.170,50.350,49.010,53.550,53.080
2011-11-19 04:00:00,51.370,51.370,46.790,46.790,50.370,49.690,53.220,52.030
2011-11-19 05:00:00,50.690,50.690,47.180,47.180,50.320,50.110,53.120,51.570
2011-11-19 06:00:00,50.400,50.400,48.050,48.050,50.330,50.220,53.370,51.090
2011-11-19 07:00:00,50.170,50.170,48.120,48.120,50.080,50.910,53.550,51.380
2011-11-19 08:00:00,49.410,49.410,48.600,48.600,51.190,51.310,54.050,52.070
2011-11-19 09:00:00,51.070,51.310,51.520,51.520,53.730,52.780,55.470,52.450
2011-11-19 10:00:00,53.540,54.150,54.170,54.170,54.580,54.150,56.150,52.770
2011-11-19 11:00:00,54.700,55.050,55.190,55.190,56.360,55.230,56.090,52.810
2011-11-19 12:00:00,54.810,55.110,56.520,56.520,55.060,56.210,55.050,52.510
2011-11-19 13:00:00,55.670,56.000,57.420,57.420,55.140,56.100,54.150,52.090
2011-11-19 14:00:00,56.040,56.560,57.230,57.230,55.080,55.860,52.960,50.720
2011-11-19 15:00:00,56.400,56.400,57.180,57.180,54.880,55.280,52.820,50.330
2011-11-19 16:00:00,56.740,55.620,56.210,56.210,54.560,54.620,52.220,48.740
2011-11-19 17:00:00,55.530,54.790,55.590,55.590,53.210,53.690,50.600,47.300
2011-11-19 18:00:00,54.100,54.100,54.780,54.780,52.240,51.990,48.780,46.780
2011-11-19 19:00:00,53.620,53.620,54.330,54.330,51.880,48.900,47.480,46.060
2011-11-19 20:00:00,53.200,53.300,53.900,53.900,51.650,47.490,46.660,45.980
2011-11-19 21:00:00,52.810,53.010,53.660,53.660,51.910,46.570,46.210,45.850
2011-11-19 22:00:00,52.560,52.670,53.360,53.360,52.000,45.380,45.810,45.630
2011-11-19 23:00:00,52.010,52.020,52.470,52.470,51.810,44.990,45.580,45.430
2011-11-20 00:00:00,51.620,51.440,51.910,51.910,49.970,44.580,45.400,45.440
2011-11-20 01:00:00,51.460,51.300,51.400,51.400,48.700,44.670,45.290,45.210
2011-11-20 02:00:00,51.430,51.450,51.640,51.640,46.070,44.370,45.130,44.880
2011-11-20 03:00:00,51.550,51.490,51.610,51.610,47.730,43.220,45.020,45.090
2011-11-20 04:00:00,51.880,51.680,51.290,51.290,47.580,41.800,45.110,45.100
2011-11-20 05:00:00,52.810,51.740,51.340,51.340,47.570,41.090,44.870,44.640
2011-11-20 06:00:00,51.240,51.240,50.690,50.690,47.420,41.420,44.550,44.950
2011-11-20 07:00:00,50.710,50.710,50.740,50.740,45.510,42.060,44.730,45.950
2011-11-20 08:00:00,51.370,50.050,49.770,49.770,48.460,44.380,45.680,46.080
2011-11-20 09:00:00,47.570,47.570,47.300,47.300,49.680,46.180,46.960,47.510
2011-11-20 10:00:00,47.990,47.990,47.890,47.890,51.460,47.200,49.510,49.110
2011-11-20 11:00:00,48.410,48.410,48.330,48.330,52.610,48.090,51.770,50.470
2011-11-20 12:00:00,50.570,48.850,49.570,49.570,53.420,49.270,52.660,51.810
2011-11-20 13:00:00,50.980,49.450,50.180,50.180,53.780,50.520,54.150,52.160
2011-11-20 14:00:00,51.340,50.190,50.040,50.040,53.930,49.730,54.100,52.600
2011-11-20 15:00:00,50.200,50.310,50.060,50.060,53.530,49.700,53.710,51.740
2011-11-20 16:00:00,50.010,50.020,50.110,50.110,53.070,49.600,51.840,50.960
2011-11-20 17:00:00,49.300,49.280,48.830,48.830,52.260,49.750,49.060,49.100
2011-11-20 18:00:00,48.260,48.300,47.320,47.320,52.000,49.390,45.760,47.280
2011-11-20 19:00:00,47.310,47.310,46.470,46.470,51.670,47.570,44.880,47.210
2011-11-20 20:00:00,46.070,46.070,45.070,45.070,51.450,46.460,45.340,47.010
2011-11-20 21:00:00,44.520,44.520,43.780,43.780,50.820,45.790,46.300,46.480
2011-11-20 22:00:00,43.990,43.990,43.370,43.370,48.940,44.840,45.890,45.960
2011-11-20 23:00:00,43.600,43.600,42.630,42.630,47.900,44.000,45.440,45.410
2011-11-21 00:00:00,43.120,43.120,42.500,42.500,47.810,43.440,44.960,44.920
2011-11-21 01:00:00,44.190,44.190,42.960,42.960,47.390,42.770,43.680,44.770
2011-11-21 02:00:00,44.800,44.800,44.130,44.130,46.550,43.030,43.180,44.310
2011-11-21 03:00:00,45.030,45.030,45.120,45.120,45.990,42.480,42.980,44.740
2011-11-21 04:00:00,45.170,45.170,46.000,46.000,46.130,41.800,42.600,44.200
2011-11-21 05:00:00,45.100,45.100,45.710,45.710,44.260,42.060,43.580,44.330
2011-11-21 06:00:00,45.450,45.450,45.460,45.460,46.850,42.180,43.980,44.150
2011-11-21 07:00:00,45.480,45.480,45.420,45.420,46.650,42.510,44.860,45.110
2011-11-21 08:00:00,48.060,48.060,48.530,48.530,48.130,44.310,46.630,46.580
2011-11-21 09:00:00,49.420,49.770,50.510,50.510,50.590,45.700,48.950,48.820
2011-11-21 10:00:00,50.970,51.110,52.030,52.030,52.140,46.810,50.590,50.780
2011-11-21 11:00:00,52.770,52.730,54.440,54.440,53.030,47.570,52.430,51.950
2011-11-21 12:00:00,54.200,54.300,56.440,56.440,53.470,49.330,55.100,53.170
2011-11-21 13:00:00,55.650,54.970,56.920,56.920,53.250,50.250,54.290,54.800
2011-11-21 14:00:00,55.420,55.420,57.500,57.500,53.340,49.710,55.510,54.460
2011-11-21 15:00:00,54.310,54.310,57.080,57.080,54.210,49.140,54.450,53.950
2011-11-21 16:00:00,52.480,52.480,54.300,54.300,53.520,47.570,52.770,51.770
2011-11-21 17:00:00,49.970,49.970,50.400,50.400,51.810,46.090,50.820,50.400
2011-11-21 18:00:00,48.060,48.060,47.660,47.660,50.640,45.970,50.060,49.750
2011-11-21 19:00:00,45.190,45.280,45.260,45.260,49.660,45.340,49.770,49.220
2011-11-21 20:00:00,45.010,45.010,44.060,44.060,48.640,45.590,49.830,49.510
2011-11-21 21:00:00,44.500,44.890,43.080,43.080,48.040,45.730,48.960,48.680
2011-11-21 22:00:00,43.150,42.970,40.650,40.650,47.840,45.990,48.180,47.730
2011-11-21 23:00:00,42.570,42.650,40.230,40.230,47.970,45.480,47.700,46.860
2011-11-22 00:00:00,41.610,42.020,39.520,39.520,48.120,45.000,46.880,47.100
2011-11-22 01:00:00,41.700,41.450,37.910,37.910,47.830,44.450,47.320,47.550
2011-11-22 02:00:00,40.920,40.960,38.020,38.020,47.390,44.730,47.640,47.530
2011-11-22 03:00:00,40.350,40.420,37.790,37.790,46.810,44.810,46.910,47.900
2011-11-22 04:00:00,39.990,39.980,37.900,37.900,46.240,45.030,47.150,48.170
2011-11-22 05:00:00,40.810,40.710,39.010,39.010,45.890,45.220,46.560,48.070
2011-11-22 06:00:00,41.870,41.040,39.560,39.560,46.100,44.970,45.460,47.710
2011-11-22 07:00:00,42.400,41.970,40.670,40.670,46.610,45.080,46.020,48.160
2011-11-22 08:00:00,43.990,44.140,43.580,43.580,47.420,46.610,48.460,50.050
2011-11-22 09:00:00,45.700,46.550,47.290,47.290,48.420,49.500,50.760,51.420
2011-11-22 10:00:00,49.650,49.650,51.370,51.370,51.150,51.360,53.140,52.440
2011-11-22 11:00:00,51.610,52.250,54.100,54.100,53.210,52.340,54.940,54.270
2011-11-22 12:00:00,53.050,53.170,55.440,55.440,54.230,53.140,55.820,55.490
2011-11-22 13:00:00,53.820,54.640,56.880,56.880,55.070,53.470,56.870,56.380
2011-11-22 14:00:00,53.830,54.490,56.420,56.420,55.570,53.970,56.300,55.400
2011-11-22 15:00:00,54.010,55.010,56.280,56.280,54.750,53.380,54.670,55.150
2011-11-22 16:00:00,52.570,52.850,54.750,54.750,53.710,51.530,54.140,53.870
2011-11-22 17:00:00,50.810,50.620,50.520,50.520,52.160,49.560,52.500,52.540
2011-11-22 18:00:00,47.560,48.290,47.610,47.610,50.320,48.910,51.560,52.070
2011-11-22 19:00:00,45.970,46.350,45.620,45.620,49.150,49.070,51.090,52.170
2011-11-22 20:00:00,44.620,44.680,44.050,44.050,48.990,49.160,50.510,51.900
2011-11-22 21:00:00,43.270,43.910,42.820,42.820,49.410,49.230,50.840,51.060
2011-11-22 22:00:00,41.890,42.840,41.540,41.540,49.540,49.260,50.890,50.870
2011-11-22 23:00:00,40.590,41.310,39.980,39.980,49.410,49.170,50.280,50.220
2011-11-23 00:00:00,39.730,40.850,39.340,39.340,49.170,49.010,50.070,50.170
2011-11-23 01:00:00,39.330,40.080,38.680,38.680,49.410,48.980,49.970,50.320
2011-11-23 02:00:00,40.620,40.510,39.780,39.780,48.860,49.260,50.330,50.840
2011-11-23 03:00:00,41.140,41.380,40.620,40.620,48.730,49.540,50.900,50.790
2011-11-23 04:00:00,42.210,42.470,41.240,41.240,48.820,49.630,51.430,50.760
2011-11-23 05:00:00,42.690,42.530,40.570,40.570,48.340,49.820,51.650,50.910
2011-11-23 06:00:00,41.410,41.200,39.410,39.410,48.130,49.890,51.180,50.900
2011-11-23 07:00:00,41.760,42.470,41.160,41.160,46.400,50.010,51.190,51.070
2011-11-23 08:00:00,46.820,46.850,47.240,47.240,48.300,50.100,51.280,51.720
2011-11-23 09:00:00,50.750,50.700,50.530,50.530,48.500,50.530,52.510,51.260
2011-11-23 10:00:00,52.930,52.980,53.560,53.560,48.430,50.710,53.370,51.540
2011-11-23 11:00:00,55.810,55.320,56.700,56.700,49.150,48.730,54.730,51.780
2011-11-23 12:00:00,56.880,56.990,58.380,58.380,49.650,48.560,55.270,53.130
2011-11-23 13:00:00,58.020,57.950,59.540,59.540,50.390,48.730,55.010,53.380
2011-11-23 14:00:00,57.330,57.580,59.090,59.090,51.450,47.680,54.410,52.850
2011-11-23 15:00:00,56.570,56.660,58.190,58.190,52.280,46.580,53.170,51.260
2011-11-23 16:00:00,56.700,55.900,58.110,58.110,50.720,45.220,51.170,49.640
2011-11-23 17:00:00,55.100,54.660,56.780,56.780,49.600,44.110,48.730,47.870
2011-11-23 18:00:00,52.560,52.560,54.870,54.870,48.840,43.230,46.960,46.570
2011-11-23 19:00:00,51.170,51.170,53.140,53.140,48.090,42.560,44.800,45.240
2011-11-23 20:00:00,50.740,49.810,51.540,51.540,47.260,41.450,43.950,43.980
2011-11-23 21:00:00,50.330,49.160,50.510,50.510,43.940,39.850,42.540,42.760
2011-11-23 22:00:00,47.480,47.220,48.880,48.880,46.260,38.610,39.800,42.330
2011-11-23 23:00:00,45.300,44.950,45.790,45.790,45.920,37.340,38.670,41.720
2011-11-24 00:00:00,43.650,43.650,44.710,44.710,45.220,36.640,38.640,41.190
2011-11-24 01:00:00,42.750,42.750,44.160,44.160,44.230,35.960,38.740,40.620
2011-11-24 02:00:00,42.440,42.440,43.690,43.690,42.750,35.270,37.420,38.990
2011-11-24 03:00:00,42.040,42.040,42.730,42.730,42.300,35.020,35.220,37.740
2011-11-24 04:00:00,41.560,41.560,42.530,42.530,41.820,34.390,34.000,36.840
2011-11-24 05:00:00,40.840,40.840,41.980,41.980,41.670,34.100,32.920,36.380
2011-11-24 06:00:00,39.950,39.950,40.760,40.760,41.520,33.430,32.300,35.630
2011-11-24 07:00:00,40.180,39.360,40.020,40.020,37.150,33.210,33.590,35.930
2011-11-24 08:00:00,39.660,39.990,41.610,41.610,39.550,35.040,38.230,38.270
2011-11-24 09:00:00,41.730,41.900,42.310,42.310,42.060,39.620,43.270,41.400
2011-11-24 10:00:00,43.820,44.150,42.590,42.590,43.750,43.700,45.520,44.150
2011-11-24 11:00:00,45.280,45.450,43.960,43.960,45.580,44.530,48.220,46.640
2011-11-24 12:00:00,46.510,47.100,45.610,45.610,46.730,44.930,50.160,48.690
2011-11-24 13:00:00,47.240,48.030,46.990,46.990,47.670,45.330,51.330,51.040
2011-11-24 14:00:00,47.560,48.290,47.640,47.640,48.240,45.250,51.550,51.560
2011-11-24 15:00:00,46.710,47.840,48.230,48.230,48.200,44.940,51.710,50.870
2011-11-24 16:00:00,45.620,46.440,47.140,47.140,46.800,45.280,50.520,49.220
2011-11-24 17:00:00,44.820,44.220,44.180,44.180,44.240,42.570,47.990,46.630
2011-11-24 18:00:00,42.870,42.870,41.500,41.500,41.730,39.750,43.910,44.760
2011-11-24 19:00:00,42.100,42.100,39.570,39.570,39.630,38.080,44.070,43.560
2011-11-24 20:00:00,40.850,40.850,38.160,38.160,38.260,37.450,44.490,42.650
2011-11-24 21:00:00,40.840,39.760,36.910,36.910,37.750,37.230,43.750,41.970
2011-11-24 22:00:00,38.370,38.370,35.930,35.930,36.490,36.580,44.510,41.060
2011-11-24 23:00:00,37.600,37.600,34.080,34.080,35.680,36.390,44.180,40.330
2011-11-25 00:00:00,36.980,36.470,33.260,33.260,33.910,36.070,43.710,39.990
2011-11-25 01:00:00,36.440,35.960,32.030,32.030,32.900,36.050,41.770,39.330
2011-11-25 02:00:00,35.640,35.130,30.870,30.870,33.280,35.560,40.440,39.290
2011-11-25 03:00:00,34.180,34.270,30.480,30.480,32.510,35.270,38.040,39.100
2011-11-25 04:00:00,33.070,33.520,30.700,30.700,31.840,35.070,36.580,38.680
2011-11-25 05:00:00,32.770,33.070,30.650,30.650,30.880,34.600,36.490,38.350
2011-11-25 06:00:00,32.990,32.980,30.450,30.450,30.640,33.970,36.480,38.290
2011-11-25 07:00:00,33.810,34.110,32.540,32.540,31.900,33.500,35.540,38.760
2011-11-25 08:00:00,37.490,37.900,37.720,37.720,37.640,35.070,38.040,40.870
2011-11-25 09:00:00,41.860,41.870,42.960,42.960,40.200,39.510,45.470,45.370
2011-11-25 10:00:00,45.350,45.130,45.360,45.360,42.650,46.410,48.400,48.500
2011-11-25 11:00:00,47.770,47.860,48.300,48.300,45.710,45.810,49.160,50.530
2011-11-25 12:00:00,50.570,51.030,50.840,50.840,48.280,46.520,50.590,52.310
2011-11-25 13:00:00,52.260,52.970,52.980,52.980,49.480,48.120,50.610,53.330
2011-11-25 14:00:00,52.820,53.430,54.090,54.090,50.270,48.870,51.110,53.060
2011-11-25 15:00:00,53.150,54.060,54.190,54.190,50.270,48.650,51.190,51.810
2011-11-25 16:00:00,51.020,51.230,52.640,52.640,48.940,47.110,50.030,50.020
2011-11-25 17:00:00,47.540,47.810,48.050,48.050,45.610,44.980,46.840,47.070
2011-11-25 18:00:00,44.410,45.220,44.550,44.550,42.510,41.820,42.900,45.320
2011-11-25 19:00:00,42.240,42.690,41.500,41.500,40.700,40.260,40.540,44.260
2011-11-25 20:00:00,40.630,40.750,39.430,39.430,39.220,39.150,39.430,43.800
2011-11-25 21:00:00,38.800,39.620,37.830,37.830,37.770,38.180,37.540,43.140
2011-11-25 22:00:00,38.200,38.800,36.260,36.260,36.350,37.500,36.990,42.030
2011-11-25 23:00:00,37.090,37.430,35.660,35.660,35.560,36.640,36.510,41.320
2011-11-26 00:00:00,35.910,36.200,34.040,34.040,34.330,36.090,36.760,40.800
2011-11-26 01:00:00,35.690,36.040,32.440,32.440,33.360,35.470,35.180,40.670
2011-11-26 02:00:00,34.700,34.720,31.770,31.770,32.850,35.100,35.090,40.340
2011-11-26 03:00:00,33.740,33.910,30.910,30.910,32.660,34.790,33.430,40.250
2011-11-26 04:00:00,33.840,33.760,30.510,30.510,32.150,34.190,33.450,39.960
2011-11-26 05:00:00,33.450,33.450,30.050,30.050,31.780,33.670,32.940,40.650
2011-11-26 06:00:00,32.390,32.390,29.060,29.060,31.490,33.680,32.250,40.760
2011-11-26 07:00:00,33.530,33.530,30.760,30.760,32.170,33.530,32.470,40.950
2011-11-26 08:00:00,37.150,37.150,36.060,36.060,36.110,36.530,35.650,43.200
2011-11-26 09:00:00,41.270,41.270,40.910,40.910,40.590,43.200,40.760,45.650
2011-11-26 10:00:00,44.980,44.980,45.500,45.500,45.060,47.750,44.760,48.600
2011-11-26 11:00:00,49.990,49.990,50.410,50.410,48.910,48.810,47.470,51.300
2011-11-26 12:00:00,54.200,54.200,53.940,53.940,50.640,50.230,50.450,53.880
2011-11-26 13:00:00,56.640,56.640,56.540,56.540,51.940,52.280,52.250,55.530
2011-11-26 14:00:00,58.080,58.080,57.690,57.690,53.130,52.910,53.010,55.520
2011-11-26 15:00:00,56.850,56.850,56.840,56.840,53.140,52.630,52.390,54.950
2011-11-26 16:00:00,53.990,53.990,54.310,54.310,52.140,51.040,51.250,52.940
2011-11-26 17:00:00,50.300,50.300,49.430,49.430,49.310,47.840,49.320,50.540
2011-11-26 18:00:00,46.890,48.000,45.680,45.680,45.730,45.310,47.750,49.420
2011-11-26 19:00:00,44.920,45.390,42.200,42.200,44.070,43.940,46.340,48.850
2011-11-26 20:00:00,42.710,42.710,40.660,40.660,41.390,43.500,44.790,48.070
2011-11-26 21:00:00,41.660,41.660,39.650,39.650,39.480,43.540,43.880,46.990
2011-11-26 22:00:00,40.280,40.910,38.210,38.210,39.080,43.780,43.030,46.750
2011-11-26 23:00:00,39.310,39.540,37.180,37.180,39.590,44.030,42.720,46.830
2011-11-27 00:00:00,38.410,39.030,36.410,36.410,39.790,44.000,43.370,47.640
2011-11-27 01:00:00,37.970,38.460,35.520,35.520,40.060,44.880,44.060,46.450
2011-11-27 02:00:00,36.540,37.110,34.010,34.010,40.340,46.440,44.570,46.050
2011-11-27 03:00:00,36.860,36.780,33.450,33.450,40.340,47.470,44.560,46.960
2011-11-27 04:00:00,36.100,35.650,32.280,32.280,40.230,47.950,44.570,46.980
2011-11-27 05:00:00,35.390,35.490,32.480,32.480,41.120,49.020,44.380,47.050
2011-11-27 06:00:00,36.100,36.150,32.490,32.490,41.740,49.160,43.820,47.230
2011-11-27 07:00:00,37.860,37.620,34.080,34.080,41.720,48.560,43.540,47.390
2011-11-27 08:00:00,41.180,40.370,37.840,37.840,41.810,49.130,43.160,47.810
2011-11-27 09:00:00,46.640,45.470,43.970,43.970,42.560,49.980,43.500,49.740
2011-11-27 10:00:00,48.780,48.500,47.000,47.000,43.930,53.080,44.600,50.850
2011-11-27 11:00:00,52.290,52.270,51.060,51.060,44.910,51.620,47.270,50.690
2011-11-27 12:00:00,55.960,56.440,55.330,55.330,45.840,50.480,48.430,50.870
2011-11-27 13:00:00,59.610,60.080,59.420,59.420,47.520,50.860,50.640,51.920
2011-11-27 14:00:00,61.440,61.910,60.860,60.860,47.950,50.220,52.590,51.550
2011-11-27 15:00:00,59.870,59.900,60.900,60.900,47.570,49.560,51.340,49.550
2011-11-27 16:00:00,57.550,57.500,58.250,58.250,47.020,48.530,49.270,48.750
2011-11-27 17:00:00,52.410,52.400,53.350,53.350,45.980,46.810,48.480,47.400
2011-11-27 18:00:00,50.260,50.380,52.170,52.170,45.830,45.860,47.240,46.500
2011-11-27 19:00:00,49.590,49.590,51.070,51.070,45.230,44.980,45.580,45.700
2011-11-27 20:00:00,47.700,47.670,48.710,48.710,43.400,43.960,43.660,45.030
2011-11-27 21:00:00,46.670,46.500,47.080,47.080,42.950,44.270,42.640,44.380
2011-11-27 22:00:00,45.900,45.770,46.280,46.280,43.520,44.260,41.280,43.400
2011-11-27 23:00:00,44.980,44.970,45.640,45.640,43.790,44.030,40.650,42.680
2011-11-28 00:00:00,44.480,44.460,44.590,44.590,43.680,44.070,38.820,42.090
2011-11-28 01:00:00,43.850,43.780,43.620,43.620,42.820,43.990,38.180,41.730
2011-11-28 02:00:00,43.470,43.380,43.530,43.530,41.480,43.410,37.820,40.940
2011-11-28 03:00:00,42.810,42.710,43.490,43.490,41.550,43.240,36.530,40.590
2011-11-28 04:00:00,42.070,42.020,43.030,43.030,40.110,43.310,36.290,40.130
2011-11-28 05:00:00,42.020,42.110,43.170,43.170,39.270,42.510,35.890,39.870
2011-11-28 06:00:00,41.790,41.690,43.380,43.380,38.630,41.250,35.560,39.880
2011-11-28 07:00:00,41.770,41.820,43.390,43.390,37.770,40.350,35.840,39.870
2011-11-28 08:00:00,42.600,42.730,44.230,44.230,40.410,41.070,38.020,41.960
2011-11-28 09:00:00,43.780,43.830,45.250,45.250,43.450,45.070,42.420,44.880
2011-11-28 10:00:00,45.000,45.160,46.970,46.970,47.140,49.020,46.540,47.160
2011-11-28 11:00:00,46.000,46.340,48.070,48.070,49.660,49.300,49.480,48.970
2011-11-28 12:00:00,47.020,47.200,48.780,48.780,51.650,49.900,51.100,51.140
2011-11-28 13:00:00,47.660,47.990,49.960,49.960,52.700,50.820,52.140,51.540
2011-11-28 14:00:00,47.800,48.120,49.930,49.930,52.600,50.670,53.200,51.870
2011-11-28 15:00:00,47.690,47.860,49.860,49.860,52.140,49.300,53.030,52.020
2011-11-28 16:00:00,46.670,47.090,49.090,49.090,50.460,47.640,51.500,50.880
2011-11-28 17:00:00,44.410,45.120,45.660,45.660,47.570,45.260,48.710,47.810
2011-11-28 18:00:00,42.290,43.220,43.190,43.190,45.220,42.850,45.310,45.700
2011-11-28 19:00:00,41.440,41.440,40.310,40.310,43.060,41.340,41.460,44.120
2011-11-28 20:00:00,39.380,39.380,38.010,38.010,40.680,40.110,40.160,43.240
2011-11-28 21:00:00,37.700,39.050,37.570,37.570,41.290,39.160,38.970,42.960
2011-11-28 22:00:00,37.480,38.640,37.290,37.290,39.750,38.550,38.530,41.880
2011-11-28 23:00:00,36.970,37.620,35.800,35.800,39.110,38.270,37.430,41.120
2011-11-29 00:00:00,37.770,37.400,34.750,34.750,37.470,38.020,35.310,40.220
2011-11-29 01:00:00,36.390,36.750,33.840,33.840,35.840,37.800,35.910,39.530
2011-11-29 02:00:00,35.800,35.940,32.860,32.860,34.730,37.280,36.620,39.140
2011-11-29 03:00:00,36.540,36.550,32.940,32.940,33.990,37.030,34.540,38.750
2011-11-29 04:00:00,36.750,36.620,32.710,32.710,33.270,36.940,34.860,37.930
2011-11-29 05:00:00,36.250,36.210,32.280,32.280,32.600,36.570,34.520,37.790
2011-11-29 06:00:00,35.510,35.680,32.270,32.270,32.130,36.070,33.570,37.510
2011-11-29 07:00:00,36.440,36.820,34.160,34.160,32.370,36.010,33.870,38.000
2011-11-29 08:00:00,40.820,40.980,39.700,39.700,36.110,37.780,37.470,40.170
2011-11-29 09:00:00,44.840,44.840,46.200,46.200,40.960,42.190,43.960,44.660
2011-11-29 10:00:00,47.950,48.020,49.200,49.200,43.460,47.160,48.150,48.500
2011-11-29 11:00:00,50.000,50.170,51.070,51.070,45.890,48.470,50.170,50.830
2011-11-29 12:00:00,52.380,52.010,51.870,51.870,48.330,49.730,51.570,53.510
2011-11-29 13:00:00,53.000,53.660,53.350,53.350,49.730,50.520,52.730,54.720
2011-11-29 14:00:00,54.260,55.150,54.700,54.700,50.530,50.840,52.750,54.750
2011-11-29 15:00:00,53.640,54.290,54.830,54.830,51.240,50.860,52.580,53.290
2011-11-29 16:00:00,52.160,52.440,53.210,53.210,50.060,49.080,51.150,51.230
2011-11-29 17:00:00,48.250,49.510,48.470,48.470,46.310,45.750,47.720,48.950
2011-11-29 18:00:00,46.050,47.160,46.150,46.150,43.560,42.590,44.120,46.720
2011-11-29 19:00:00,44.010,45.090,43.480,43.480,41.170,40.990,42.880,45.190
2011-11-29 20:00:00,41.430,42.480,40.260,40.260,39.090,40.050,41.260,44.050
2011-11-29 21:00:00,39.350,40.020,38.170,38.170,38.260,39.560,40.720,42.830
2011-11-29 22:00:00,38.740,39.530,37.170,37.170,37.330,38.810,37.780,42.230
2011-11-29 23:00:00,37.800,38.390,35.600,35.600,36.010,37.860,36.690,42.070
2011-11-30 00:00:00,36.340,36.630,34.550,34.550,34.850,37.160,35.960,41.020
2011-11-30 01:00:00,35.180,35.510,33.020,33.020,33.660,36.910,36.020,40.190
2011-11-30 02:00:00,34.970,35.290,32.560,32.560,32.960,37.000,36.340,40.610
2011-11-30 03:00:00,34.330,34.490,32.190,32.190,32.520,36.750,36.000,40.650
2011-11-30 04:00:00,34.150,34.140,31.360,31.360,32.970,36.300,35.770,40.230
2011-11-30 05:00:00,32.840,33.260,30.240,30.240,32.720,36.270,36.290,39.850
2011-11-30 06:00:00,32.690,33.280,30.320,30.320,32.540,36.310,36.230,39.890
2011-11-30 07:00:00,34.470,34.340,31.710,31.710,33.060,36.790,36.520,41.020
2011-11-30 08:00:00,37.360,37.650,36.840,36.840,36.140,38.790,38.620,41.900
2011-11-30 09:00:00,41.890,41.840,41.920,41.920,40.000,41.620,40.520,44.280
2011-11-30 10:00:00,46.120,45.940,46.330,46.330,44.350,46.670,45.560,47.690
2011-11-30 11:00:00,49.830,50.050,50.650,50.650,47.950,49.580,49.080,50.450
2011-11-30 12:00:00,53.500,53.920,54.230,54.230,50.060,51.200,51.470,52.550
2011-11-30 13:00:00,56.850,57.440,57.620,57.620,51.290,51.110,52.080,53.620
2011-11-30 14:00:00,57.700,58.160,57.920,57.920,51.940,51.230,52.460,51.950
2011-11-30 15:00:00,57.470,57.700,57.920,57.920,51.940,51.300,52.090,51.100
2011-11-30 16:00:00,54.670,54.710,55.070,55.070,51.060,50.200,51.100,49.940
2011-11-30 17:00:00,50.060,50.710,50.930,50.930,49.010,48.210,49.530,49.140
2011-11-30 18:00:00,48.000,48.330,48.500,48.500,47.030,46.170,47.730,48.010
2011-11-30 19:00:00,45.460,45.390,44.730,44.730,45.150,44.130,45.950,46.970
2011-11-30 20:00:00,44.320,44.280,43.110,43.110,43.580,42.950,43.310,46.160
2011-11-30 21:00:00,43.200,42.270,40.400,40.400,43.190,41.670,41.560,45.600
2011-11-30 22:00:00,41.080,41.290,39.620,39.620,42.050,40.800,40.700,44.530
2011-11-30 23:00:00,40.840,41.260,38.960,38.960,40.930,40.070,39.310,43.970
